Indicator,Category,Company,Frameworks,Value,Attributed,Submitted,Proof
Carbon Footprint,Climate,[dropdown],"GHG Protocol, SFDR, PAIs, IRIS+, TCFD",tCO2eq,,90%%,[download]
Carbon Footprint,Climate,CarbonZero Tech,"GHG Protocol, SFDR, PAIs, IRIS+, TCFD",1523 tons CO2e,152.3 tons CO2e,Submitted,[download]
Carbon Footprint,Climate,SolarScape Solutions,"GHG Protocol, SFDR, PAIs, IRIS+, TCFD",,,Not sumbitted,
Carbon Footprint,Climate,EcoPower Innovations,"GHG Protocol, SFDR, PAIs, IRIS+, TCFD",1876 tons CO2e,187.6 tons CO2e,Submitted,[download]
Carbon Footprint,Climate,ClimateGuard Technologies,"GHG Protocol, SFDR, PAIs, IRIS+, TCFD",2200 tons CO2e,220 tons CO2e,Submitted,[download]
Carbon Footprint,Climate,WindFlow Energy,"GHG Protocol, SFDR, PAIs, IRIS+, TCFD",901 tons CO2e,90.1 tons CO2e,Submitted,[download]
Carbon Footprint,Climate,GreenGrid Systems,"GHG Protocol, SFDR, PAIs, IRIS+, TCFD",1433 tons CO2e,143.3 tons CO2e,Submitted,[download]
Carbon Footprint,Climate,BioFuel Dynamics,"GHG Protocol, SFDR, PAIs, IRIS+, TCFD",1249 tons CO2e,124.9 tons CO2e,Submitted,[download]
Carbon Footprint,Climate,ClimateTech Labs,"GHG Protocol, SFDR, PAIs, IRIS+, TCFD",1700 tons CO2e,170 tons CO2e,Submitted,[download]
Carbon Footprint,Climate,OceanWave Energy,"GHG Protocol, SFDR, PAIs, IRIS+, TCFD",1600 tons CO2e,160 tons CO2e,Submitted,[download]
Carbon Footprint,Climate,RenewaTech Solutions,"GHG Protocol, SFDR, PAIs, IRIS+, TCFD",1300 tons CO2e,130 tons CO2e,Submitted,[download]
Renewable Energy Usage,"Climate, Energy",[dropdown],"RE100, GRESB, PAIs, IRIS+",KWh,,100%,[download]
Renewable Energy Usage,"Climate, Energy",CarbonZero Tech,"RE100, GRESB, PAIs, IRIS+","658,312 KWh","65,831.2 KWh",Submitted,[download]
Renewable Energy Usage,"Climate, Energy",SolarScape Solutions,"RE100, GRESB, PAIs, IRIS+","512,789 KWh","51,278.9 KWh",Submitted,[download]
Renewable Energy Usage,"Climate, Energy",EcoPower Innovations,"RE100, GRESB, PAIs, IRIS+","789,234 KWh","78,923.4 KWh",Submitted,[download]
Renewable Energy Usage,"Climate, Energy",ClimateGuard Technologies,"RE100, GRESB, PAIs, IRIS+","425,891 KWh","42,589.1 KWh",Submitted,[download]
Renewable Energy Usage,"Climate, Energy",WindFlow Energy,"RE100, GRESB, PAIs, IRIS+","573,921 KWh","57,392.1 KWh",Submitted,[download]
Renewable Energy Usage,"Climate, Energy",GreenGrid Systems,"RE100, GRESB, PAIs, IRIS+","1,268,555 KWh","126,855.5 KWh",Submitted,[download]
Renewable Energy Usage,"Climate, Energy",BioFuel Dynamics,"RE100, GRESB, PAIs, IRIS+","1,100,378 KWh","110,037.8 KWh",Submitted,[download]
Renewable Energy Usage,"Climate, Energy",ClimateTech Labs,"RE100, GRESB, PAIs, IRIS+","398,732 KWh","39,873.2 KWh",Submitted,[download]
Renewable Energy Usage,"Climate, Energy",OceanWave Energy,"RE100, GRESB, PAIs, IRIS+","456,901 KWh","45,690.1 KWh",Submitted,[download]
Renewable Energy Usage,"Climate, Energy",RenewaTech Solutions,"RE100, GRESB, PAIs, IRIS+","589,076 KWh","58,907.6 KWh",Submitted,[download]
Waste Diversion Rate,"Waste, Pollution",[dropdown],IRIS+,%,,100%,[download]
Waste Diversion Rate,"Waste, Pollution",CarbonZero Tech,IRIS+,75%,,Submitted,[download]
Waste Diversion Rate,"Waste, Pollution",SolarScape Solutions,IRIS+,85%,,Submitted,[download]
Waste Diversion Rate,"Waste, Pollution",EcoPower Innovations,IRIS+,70%,,Submitted,[download]
Waste Diversion Rate,"Waste, Pollution",ClimateGuard Technologies,IRIS+,80%,,Submitted,[download]
Waste Diversion Rate,"Waste, Pollution",WindFlow Energy,IRIS+,65%,,Submitted,[download]
Waste Diversion Rate,"Waste, Pollution",GreenGrid Systems,IRIS+,60%,,Submitted,[download]
Waste Diversion Rate,"Waste, Pollution",BioFuel Dynamics,IRIS+,75%,,Submitted,[download]
Waste Diversion Rate,"Waste, Pollution",ClimateTech Labs,IRIS+,70%,,Submitted,[download]
Waste Diversion Rate,"Waste, Pollution",OceanWave Energy,IRIS+,80%,,Submitted,[download]
Waste Diversion Rate,"Waste, Pollution",RenewaTech Solutions,IRIS+,85%,,Submitted,[download]
Biodiversity Impact,Biodiversity & Ecosystems,[dropdown],B Impact Assessment,Qualitative,,100%,[download]
Biodiversity Impact,Biodiversity & Ecosystems,CarbonZero Tech,B Impact Assessment,High,,Submitted,[download]
Biodiversity Impact,Biodiversity & Ecosystems,SolarScape Solutions,B Impact Assessment,Moderate,,Submitted,[download]
Biodiversity Impact,Biodiversity & Ecosystems,EcoPower Innovations,B Impact Assessment,Low,,Submitted,[download]
Biodiversity Impact,Biodiversity & Ecosystems,ClimateGuard Technologies,B Impact Assessment,Moderate,,Submitted,[download]
Biodiversity Impact,Biodiversity & Ecosystems,WindFlow Energy,B Impact Assessment,High,,Submitted,[download]
Biodiversity Impact,Biodiversity & Ecosystems,GreenGrid Systems,B Impact Assessment,Low,,Submitted,[download]
Biodiversity Impact,Biodiversity & Ecosystems,BioFuel Dynamics,B Impact Assessment,Moderate,,Submitted,[download]
Biodiversity Impact,Biodiversity & Ecosystems,ClimateTech Labs,B Impact Assessment,High,,Submitted,[download]
Biodiversity Impact,Biodiversity & Ecosystems,OceanWave Energy,B Impact Assessment,Moderate,,Submitted,[download]
Biodiversity Impact,Biodiversity & Ecosystems,RenewaTech Solutions,B Impact Assessment,Low,,Submitted,[download]
Diversity and Inclusion,"Employment, Diversity & Inclusion",[dropdown],"UN Global Compact, IRIS+",Qualitative,,100%,[download]
Diversity and Inclusion,"Employment, Diversity & Inclusion",CarbonZero Tech,"UN Global Compact, IRIS+",Comprehensive,,Submitted,[download]
Diversity and Inclusion,"Employment, Diversity & Inclusion",SolarScape Solutions,"UN Global Compact, IRIS+",Developing,,Submitted,[download]
Diversity and Inclusion,"Employment, Diversity & Inclusion",EcoPower Innovations,"UN Global Compact, IRIS+",Comprehensive,,Submitted,[download]
Diversity and Inclusion,"Employment, Diversity & Inclusion",ClimateGuard Technologies,"UN Global Compact, IRIS+",Developing,,Submitted,[download]
Diversity and Inclusion,"Employment, Diversity & Inclusion",WindFlow Energy,"UN Global Compact, IRIS+",Comprehensive,,Submitted,[download]
Diversity and Inclusion,"Employment, Diversity & Inclusion",GreenGrid Systems,"UN Global Compact, IRIS+",Developing,,Submitted,[download]
Diversity and Inclusion,"Employment, Diversity & Inclusion",BioFuel Dynamics,"UN Global Compact, IRIS+",Comprehensive,,Submitted,[download]
Diversity and Inclusion,"Employment, Diversity & Inclusion",ClimateTech Labs,"UN Global Compact, IRIS+",Developing,,Submitted,[download]
Diversity and Inclusion,"Employment, Diversity & Inclusion",OceanWave Energy,"UN Global Compact, IRIS+",Comprehensive,,Submitted,[download]
Diversity and Inclusion,"Employment, Diversity & Inclusion",RenewaTech Solutions,"UN Global Compact, IRIS+",Developing,,Submitted,[download]
Climate Change Policy,Climate ,[dropdown],"TCFD, PAIs",Qualitative,,100%,[download]
Climate Change Policy,Climate,CarbonZero Tech,"TCFD, PAIs",Ambitious,,Submitted,[download]
Climate Change Policy,Climate,SolarScape Solutions,"TCFD, PAIs",Aggressive,,Submitted,[download]
Climate Change Policy,Climate,EcoPower Innovations,"TCFD, PAIs",Ambitious,,Submitted,[download]
Climate Change Policy,Climate,ClimateGuard Technologies,"TCFD, PAIs",Aggressive,,Submitted,[download]
Climate Change Policy,Climate,WindFlow Energy,"TCFD, PAIs",Ambitious,,Submitted,[download]
Climate Change Policy,Climate,GreenGrid Systems,"TCFD, PAIs",Aggressive,,Submitted,[download]
Climate Change Policy,Climate,BioFuel Dynamics,"TCFD, PAIs",Ambitious,,Submitted,[download]
Climate Change Policy,Climate,ClimateTech Labs,"TCFD, PAIs",Aggressive,,Submitted,[download]
Climate Change Policy,Climate,OceanWave Energy,"TCFD, PAIs",Ambitious,,Submitted,[download]
Climate Change Policy,Climate,RenewaTech Solutions,"TCFD, PAIs",Aggressive,,Submitted,[download]
Supply Chain Policy,Multiple,[dropdown],"Sustainable Supply, PAIs",Qualitative,,100%,[download]
Supply Chain Policy,Multiple,CarbonZero Tech,"Sustainable Supply, PAIs",Strong,,Submitted,[download]
Supply Chain Policy,Multiple,SolarScape Solutions,"Sustainable Supply, PAIs",Moderate,,Submitted,[download]
Supply Chain Policy,Multiple,EcoPower Innovations,"Sustainable Supply, PAIs",Strong,,Submitted,[download]
Supply Chain Policy,Multiple,ClimateGuard Technologies,"Sustainable Supply, PAIs",Moderate,,Submitted,[download]
Supply Chain Policy,Multiple,WindFlow Energy,"Sustainable Supply, PAIs",Strong,,Submitted,[download]
Supply Chain Policy,Multiple,GreenGrid Systems,"Sustainable Supply, PAIs",Moderate,,Submitted,[download]
Supply Chain Policy,Multiple,BioFuel Dynamics,"Sustainable Supply, PAIs",Strong,,Submitted,[download]
Supply Chain Policy,Multiple,ClimateTech Labs,"Sustainable Supply, PAIs",Moderate,,Submitted,[download]
Supply Chain Policy,Multiple,OceanWave Energy,"Sustainable Supply, PAIs",Strong,,Submitted,[download]
Supply Chain Policy,Multiple,RenewaTech Solutions,"Sustainable Supply, PAIs",Moderate,,Submitted,[download]
Ethical Governance,Multiple,[dropdown],"Ethisphere, PAIs",Qualitative,,100%,[download]
Ethical Governance,Multiple,CarbonZero Tech,"Ethisphere, PAIs",Transparent,,Submitted,[download]
Ethical Governance,Multiple,SolarScape Solutions,"Ethisphere, PAIs",Transparent,,Submitted,[download]
Ethical Governance,Multiple,EcoPower Innovations,"Ethisphere, PAIs",Transparent,,Submitted,[download]
Ethical Governance,Multiple,ClimateGuard Technologies,"Ethisphere, PAIs",Transparent,,Submitted,[download]
Ethical Governance,Multiple,WindFlow Energy,"Ethisphere, PAIs",Transparent,,Submitted,[download]
Ethical Governance,Multiple,GreenGrid Systems,"Ethisphere, PAIs",Transparent,,Submitted,[download]
Ethical Governance,Multiple,BioFuel Dynamics,"Ethisphere, PAIs",Transparent,,Submitted,[download]
Ethical Governance,Multiple,ClimateTech Labs,"Ethisphere, PAIs",Transparent,,Submitted,[download]
Ethical Governance,Multiple,OceanWave Energy,"Ethisphere, PAIs",Transparent,,Submitted,[download]
Ethical Governance,Multiple,RenewaTech Solutions,"Ethisphere, PAIs",Transparent,,Submitted,[download]
Community Engagement,Multiple,[dropdown],"CSR Reporting, PAIs",Qualitative,,100%,[download]
Community Engagement,Multiple,CarbonZero Tech,"CSR Reporting, PAIs",Active,,Submitted,[download]
Community Engagement,Multiple,SolarScape Solutions,"CSR Reporting, PAIs",Involved,,Submitted,[download]
Community Engagement,Multiple,EcoPower Innovations,"CSR Reporting, PAIs",Active,,Submitted,[download]
Community Engagement,Multiple,ClimateGuard Technologies,"CSR Reporting, PAIs",Involved,,Submitted,[download]
Community Engagement,Multiple,WindFlow Energy,"CSR Reporting, PAIs",Active,,Submitted,[download]
Community Engagement,Multiple,GreenGrid Systems,"CSR Reporting, PAIs",Involved,,Submitted,[download]
Community Engagement,Multiple,BioFuel Dynamics,"CSR Reporting, PAIs",Active,,Submitted,[download]
Community Engagement,Multiple,ClimateTech Labs,"CSR Reporting, PAIs",Involved,,Submitted,[download]
Community Engagement,Multiple,OceanWave Energy,"CSR Reporting, PAIs",Active,,Submitted,[download]
Community Engagement,Multiple,RenewaTech Solutions,"CSR Reporting, PAIs",Involved,,Submitted,[download]
Alignment with OECD and UN Principles,Multiple,[dropdown],"OECD, PAIs, SFDR, UNGC",Qualitative,,100%,[download]
Alignment with OECD and UN Principles,Multiple,CarbonZero Tech,"OECD, PAIs, SFDR, UNGC",Active,,Submitted,[download]
Alignment with OECD and UN Principles,Multiple,SolarScape Solutions,"OECD, PAIs, SFDR, UNGC",Involved,,Submitted,[download]
Alignment with OECD and UN Principles,Multiple,EcoPower Innovations,"OECD, PAIs, SFDR, UNGC",Active,,Submitted,[download]
Alignment with OECD and UN Principles,Multiple,ClimateGuard Technologies,"OECD, PAIs, SFDR, UNGC",Involved,,Submitted,[download]
Alignment with OECD and UN Principles,Multiple,WindFlow Energy,"OECD, PAIs, SFDR, UNGC",Active,,Submitted,[download]
Alignment with OECD and UN Principles,Multiple,GreenGrid Systems,"OECD, PAIs, SFDR, UNGC",Involved,,Submitted,[download]
Alignment with OECD and UN Principles,Multiple,BioFuel Dynamics,"OECD, PAIs, SFDR, UNGC",Active,,Submitted,[download]
Alignment with OECD and UN Principles,Multiple,ClimateTech Labs,"OECD, PAIs, SFDR, UNGC",Involved,,Submitted,[download]
Alignment with OECD and UN Principles,Multiple,OceanWave Energy,"OECD, PAIs, SFDR, UNGC",Active,,Submitted,[download]
Alignment with OECD and UN Principles,Multiple,RenewaTech Solutions,"OECD, PAIs, SFDR, UNGC",Involved,,Submitted,[download]
EU Taxonomy Revenue Aligned,Multiple,[dropdown],"EU Taxonomy, SFDR",%,,100%,[download]
EU Taxonomy Revenue Aligned,Multiple,CarbonZero Tech,"EU Taxonomy, SFDR",42%,,Submitted,[download]
EU Taxonomy Revenue Aligned,Multiple,SolarScape Solutions,"EU Taxonomy, SFDR",87%,,Submitted,[download]
EU Taxonomy Revenue Aligned,Multiple,EcoPower Innovations,"EU Taxonomy, SFDR",25%,,Submitted,[download]
EU Taxonomy Revenue Aligned,Multiple,ClimateGuard Technologies,"EU Taxonomy, SFDR",63%,,Submitted,[download]
EU Taxonomy Revenue Aligned,Multiple,WindFlow Energy,"EU Taxonomy, SFDR",14%,,Submitted,[download]
EU Taxonomy Revenue Aligned,Multiple,GreenGrid Systems,"EU Taxonomy, SFDR",55%,,Submitted,[download]
EU Taxonomy Revenue Aligned,Multiple,BioFuel Dynamics,"EU Taxonomy, SFDR",91%,,Submitted,[download]
EU Taxonomy Revenue Aligned,Multiple,ClimateTech Labs,"EU Taxonomy, SFDR",37%,,Submitted,[download]
EU Taxonomy Revenue Aligned,Multiple,OceanWave Energy,"EU Taxonomy, SFDR",68%,,Submitted,[download]
EU Taxonomy Revenue Aligned,Multiple,RenewaTech Solutions,"EU Taxonomy, SFDR",19%,,Submitted,[download]
EU Taxonomy Opex Aligned,Multiple,[dropdown],"EU Taxonomy, SFDR",%,,100%,[download]
EU Taxonomy Opex Aligned,Multiple,CarbonZero Tech,"EU Taxonomy, SFDR",76%,,Submitted,[download]
EU Taxonomy Opex Aligned,Multiple,SolarScape Solutions,"EU Taxonomy, SFDR",33%,,Submitted,[download]
EU Taxonomy Opex Aligned,Multiple,EcoPower Innovations,"EU Taxonomy, SFDR",58%,,Submitted,[download]
EU Taxonomy Opex Aligned,Multiple,ClimateGuard Technologies,"EU Taxonomy, SFDR",82%,,Submitted,[download]
EU Taxonomy Opex Aligned,Multiple,WindFlow Energy,"EU Taxonomy, SFDR",41%,,Submitted,[download]
EU Taxonomy Opex Aligned,Multiple,GreenGrid Systems,"EU Taxonomy, SFDR",67%,,Submitted,[download]
EU Taxonomy Opex Aligned,Multiple,BioFuel Dynamics,"EU Taxonomy, SFDR",29%,,Submitted,[download]
EU Taxonomy Opex Aligned,Multiple,ClimateTech Labs,"EU Taxonomy, SFDR",94%,,Submitted,[download]
EU Taxonomy Opex Aligned,Multiple,OceanWave Energy,"EU Taxonomy, SFDR",50%,,Submitted,[download]
EU Taxonomy Opex Aligned,Multiple,RenewaTech Solutions,"EU Taxonomy, SFDR",71%,,Submitted,[download]
EU Taxonomy Capex Aligned,Multiple,[dropdown],"EU Taxonomy, SFDR",%,,100%,[download]
EU Taxonomy Capex Aligned,Multiple,CarbonZero Tech,"EU Taxonomy, SFDR",47%,,Submitted,[download]
EU Taxonomy Capex Aligned,Multiple,SolarScape Solutions,"EU Taxonomy, SFDR",60%,,Submitted,[download]
EU Taxonomy Capex Aligned,Multiple,EcoPower Innovations,"EU Taxonomy, SFDR",83%,,Submitted,[download]
EU Taxonomy Capex Aligned,Multiple,ClimateGuard Technologies,"EU Taxonomy, SFDR",28%,,Submitted,[download]
EU Taxonomy Capex Aligned,Multiple,WindFlow Energy,"EU Taxonomy, SFDR",75%,,Submitted,[download]
EU Taxonomy Capex Aligned,Multiple,GreenGrid Systems,"EU Taxonomy, SFDR",53%,,Submitted,[download]
EU Taxonomy Capex Aligned,Multiple,BioFuel Dynamics,"EU Taxonomy, SFDR",12%,,Submitted,[download]
EU Taxonomy Capex Aligned,Multiple,ClimateTech Labs,"EU Taxonomy, SFDR",66%,,Submitted,[download]
EU Taxonomy Capex Aligned,Multiple,OceanWave Energy,"EU Taxonomy, SFDR",39%,,Submitted,[download]
EU Taxonomy Capex Aligned,Multiple,RenewaTech Solutions,"EU Taxonomy, SFDR",88%,,Submitted,[download]
EU Taxonomy Revenue Eligible,Multiple,[dropdown],"EU Taxonomy, SFDR",%,,100%,[download]
EU Taxonomy Revenue Eligible,Multiple,CarbonZero Tech,"EU Taxonomy, SFDR",42%,,Submitted,[download]
EU Taxonomy Revenue Eligible,Multiple,SolarScape Solutions,"EU Taxonomy, SFDR",87%,,Submitted,[download]
EU Taxonomy Revenue Eligible,Multiple,EcoPower Innovations,"EU Taxonomy, SFDR",25%,,Submitted,[download]
EU Taxonomy Revenue Eligible,Multiple,ClimateGuard Technologies,"EU Taxonomy, SFDR",63%,,Submitted,[download]
EU Taxonomy Revenue Eligible,Multiple,WindFlow Energy,"EU Taxonomy, SFDR",14%,,Submitted,[download]
EU Taxonomy Revenue Eligible,Multiple,GreenGrid Systems,"EU Taxonomy, SFDR",55%,,Submitted,[download]
EU Taxonomy Revenue Eligible,Multiple,BioFuel Dynamics,"EU Taxonomy, SFDR",91%,,Submitted,[download]
EU Taxonomy Revenue Eligible,Multiple,ClimateTech Labs,"EU Taxonomy, SFDR",37%,,Submitted,[download]
EU Taxonomy Revenue Eligible,Multiple,OceanWave Energy,"EU Taxonomy, SFDR",68%,,Submitted,[download]
EU Taxonomy Revenue Eligible,Multiple,RenewaTech Solutions,"EU Taxonomy, SFDR",19%,,Submitted,[download]
EU Taxonomy Opex Eligible,Multiple,[dropdown],"EU Taxonomy, SFDR",%,,100%,[download]
EU Taxonomy Opex Eligible,Multiple,CarbonZero Tech,"EU Taxonomy, SFDR",76%,,Submitted,[download]
EU Taxonomy Opex Eligible,Multiple,SolarScape Solutions,"EU Taxonomy, SFDR",33%,,Submitted,[download]
EU Taxonomy Opex Eligible,Multiple,EcoPower Innovations,"EU Taxonomy, SFDR",58%,,Submitted,[download]
EU Taxonomy Opex Eligible,Multiple,ClimateGuard Technologies,"EU Taxonomy, SFDR",82%,,Submitted,[download]
EU Taxonomy Opex Eligible,Multiple,WindFlow Energy,"EU Taxonomy, SFDR",41%,,Submitted,[download]
EU Taxonomy Opex Eligible,Multiple,GreenGrid Systems,"EU Taxonomy, SFDR",67%,,Submitted,[download]
EU Taxonomy Opex Eligible,Multiple,BioFuel Dynamics,"EU Taxonomy, SFDR",29%,,Submitted,[download]
EU Taxonomy Opex Eligible,Multiple,ClimateTech Labs,"EU Taxonomy, SFDR",94%,,Submitted,[download]
EU Taxonomy Opex Eligible,Multiple,OceanWave Energy,"EU Taxonomy, SFDR",50%,,Submitted,[download]
EU Taxonomy Opex Eligible,Multiple,RenewaTech Solutions,"EU Taxonomy, SFDR",71%,,Submitted,[download]
EU Taxonomy Capex Eligible,Multiple,[dropdown],"EU Taxonomy, SFDR",%,,100%,[download]
EU Taxonomy Capex Eligible,Multiple,CarbonZero Tech,"EU Taxonomy, SFDR",47%,,Submitted,[download]
EU Taxonomy Capex Eligible,Multiple,SolarScape Solutions,"EU Taxonomy, SFDR",60%,,Submitted,[download]
EU Taxonomy Capex Eligible,Multiple,EcoPower Innovations,"EU Taxonomy, SFDR",83%,,Submitted,[download]
EU Taxonomy Capex Eligible,Multiple,ClimateGuard Technologies,"EU Taxonomy, SFDR",28%,,Submitted,[download]
EU Taxonomy Capex Eligible,Multiple,WindFlow Energy,"EU Taxonomy, SFDR",75%,,Submitted,[download]
EU Taxonomy Capex Eligible,Multiple,GreenGrid Systems,"EU Taxonomy, SFDR",53%,,Submitted,[download]
EU Taxonomy Capex Eligible,Multiple,BioFuel Dynamics,"EU Taxonomy, SFDR",12%,,Submitted,[download]
EU Taxonomy Capex Eligible,Multiple,ClimateTech Labs,"EU Taxonomy, SFDR",66%,,Submitted,[download]
EU Taxonomy Capex Eligible,Multiple,OceanWave Energy,"EU Taxonomy, SFDR",39%,,Submitted,[download]
EU Taxonomy Capex Eligible,Multiple,RenewaTech Solutions,"EU Taxonomy, SFDR",88%,,Submitted,[download]
GHG Emissions Scope 1,Climate,[dropdown],"GHG Protocol, SFDR, PAIs, IRIS+, TCFD",tCO2eq,,100%,[download]
GHG Emissions Scope 1,Climate,CarbonZero Tech,"GHG Protocol, SFDR, PAIs, IRIS+, TCFD",542 tCO2eq,128 tCO2eq,Submitted,[download]
GHG Emissions Scope 1,Climate,SolarScape Solutions,"GHG Protocol, SFDR, PAIs, IRIS+, TCFD",712 tCO2eq,104 tCO2eq,Submitted,[download]
GHG Emissions Scope 1,Climate,EcoPower Innovations,"GHG Protocol, SFDR, PAIs, IRIS+, TCFD",498 tCO2eq,152 tCO2eq,Submitted,[download]
GHG Emissions Scope 1,Climate,ClimateGuard Technologies,"GHG Protocol, SFDR, PAIs, IRIS+, TCFD",829 tCO2eq,115.2 tCO2eq,Submitted,[download]
GHG Emissions Scope 1,Climate,WindFlow Energy,"GHG Protocol, SFDR, PAIs, IRIS+, TCFD",665 tCO2eq,142.4 tCO2eq,Submitted,[download]
GHG Emissions Scope 1,Climate,GreenGrid Systems,"GHG Protocol, SFDR, PAIs, IRIS+, TCFD",573 tCO2eq,120 tCO2eq,Submitted,[download]
GHG Emissions Scope 1,Climate,BioFuel Dynamics,"GHG Protocol, SFDR, PAIs, IRIS+, TCFD",938 tCO2eq,164.8 tCO2eq,Submitted,[download]
GHG Emissions Scope 1,Climate,ClimateTech Labs,"GHG Protocol, SFDR, PAIs, IRIS+, TCFD",671 tCO2eq,92.8 tCO2eq,Submitted,[download]
GHG Emissions Scope 1,Climate,OceanWave Energy,"GHG Protocol, SFDR, PAIs, IRIS+, TCFD",521 tCO2eq,153.6 tCO2eq,Submitted,[download]
GHG Emissions Scope 1,Climate,RenewaTech Solutions,"GHG Protocol, SFDR, PAIs, IRIS+, TCFD",783 tCO2eq,113.6 tCO2eq,Submitted,[download]
GHG Emissions Scope 2,Climate,[dropdown],"GHG Protocol, SFDR, PAIs, IRIS+, TCFD",tCO2eq,,100%,[download]
GHG Emissions Scope 2,Climate,CarbonZero Tech,"GHG Protocol, SFDR, PAIs, IRIS+, TCFD","4,320 tCO2eq",691.2 tCO2eq,Submitted,[download]
GHG Emissions Scope 2,Climate,SolarScape Solutions,"GHG Protocol, SFDR, PAIs, IRIS+, TCFD","3,780 tCO2eq",604.8 tCO2eq,Submitted,[download]
GHG Emissions Scope 2,Climate,EcoPower Innovations,"GHG Protocol, SFDR, PAIs, IRIS+, TCFD","5,150 tCO2eq",824 tCO2eq,Submitted,[download]
GHG Emissions Scope 2,Climate,ClimateGuard Technologies,"GHG Protocol, SFDR, PAIs, IRIS+, TCFD","3,960 tCO2eq",633.6 tCO2eq,Submitted,[download]
GHG Emissions Scope 2,Climate,WindFlow Energy,"GHG Protocol, SFDR, PAIs, IRIS+, TCFD","4,890 tCO2eq",782.4 tCO2eq,Submitted,[download]
GHG Emissions Scope 2,Climate,GreenGrid Systems,"GHG Protocol, SFDR, PAIs, IRIS+, TCFD","4,150 tCO2eq",664 tCO2eq,Submitted,[download]
GHG Emissions Scope 2,Climate,BioFuel Dynamics,"GHG Protocol, SFDR, PAIs, IRIS+, TCFD","5,670 tCO2eq",908.2 tCO2eq,Submitted,[download]
GHG Emissions Scope 2,Climate,ClimateTech Labs,"GHG Protocol, SFDR, PAIs, IRIS+, TCFD","3,420 tCO2eq",547.2 tCO2eq,Submitted,[download]
GHG Emissions Scope 2,Climate,OceanWave Energy,"GHG Protocol, SFDR, PAIs, IRIS+, TCFD","4,800 tCO2eq",768 tCO2eq,Submitted,[download]
GHG Emissions Scope 2,Climate,RenewaTech Solutions,"GHG Protocol, SFDR, PAIs, IRIS+, TCFD","4,030 tCO2eq",644.8 tCO2eq,Submitted,[download]
GHG Emissions Scope 3,Climate,[dropdown],"GHG Protocol, SFDR, PAIs, IRIS+, TCFD",tCO2eq,,100%,[download]
GHG Emissions Scope 3,Climate,CarbonZero Tech,"GHG Protocol, SFDR, PAIs, IRIS+, TCFD","9,750 tCO2eq",1560 tCO2eq,Submitted,[download]
GHG Emissions Scope 3,Climate,SolarScape Solutions,"GHG Protocol, SFDR, PAIs, IRIS+, TCFD","8,210 tCO2eq",1313.6 tCO2eq,Submitted,[download]
GHG Emissions Scope 3,Climate,EcoPower Innovations,"GHG Protocol, SFDR, PAIs, IRIS+, TCFD","11,430 tCO2eq",1830.4 tCO2eq,Submitted,[download]
GHG Emissions Scope 3,Climate,ClimateGuard Technologies,"GHG Protocol, SFDR, PAIs, IRIS+, TCFD","7,890 tCO2eq",1262.4 tCO2eq,Submitted,[download]
GHG Emissions Scope 3,Climate,WindFlow Energy,"GHG Protocol, SFDR, PAIs, IRIS+, TCFD","10,560 tCO2eq",1689.6 tCO2eq,Submitted,[download]
GHG Emissions Scope 3,Climate,GreenGrid Systems,"GHG Protocol, SFDR, PAIs, IRIS+, TCFD","9,120 tCO2eq",1461.6 tCO2eq,Submitted,[download]
GHG Emissions Scope 3,Climate,BioFuel Dynamics,"GHG Protocol, SFDR, PAIs, IRIS+, TCFD","12,340 tCO2eq",1985.6 tCO2eq,Submitted,[download]
GHG Emissions Scope 3,Climate,ClimateTech Labs,"GHG Protocol, SFDR, PAIs, IRIS+, TCFD","6,980 tCO2eq",1116.8 tCO2eq,Submitted,[download]
GHG Emissions Scope 3,Climate,OceanWave Energy,"GHG Protocol, SFDR, PAIs, IRIS+, TCFD","10,090 tCO2eq",1614.4 tCO2eq,Submitted,[download]
GHG Emissions Scope 3,Climate,RenewaTech Solutions,"GHG Protocol, SFDR, PAIs, IRIS+, TCFD","8,750 tCO2eq",1400 tCO2eq,Submitted,[download]
GHG Intensity,Climate,[dropdown],"GHG Protocol, SFDR, PAIs, IRIS+, TCFD",Kg CO2eq per KWh,,100%,[download]
GHG Intensity,Climate,CarbonZero Tech,"GHG Protocol, SFDR, PAIs, IRIS+, TCFD",0.78 kg CO2e per kWh,,Submitted,[download]
GHG Intensity,Climate,SolarScape Solutions,"GHG Protocol, SFDR, PAIs, IRIS+, TCFD",1.25 kg CO2e per kWh,,Submitted,[download]
GHG Intensity,Climate,EcoPower Innovations,"GHG Protocol, SFDR, PAIs, IRIS+, TCFD",0.95 kg CO2e per kWh,,Submitted,[download]
GHG Intensity,Climate,ClimateGuard Technologies,"GHG Protocol, SFDR, PAIs, IRIS+, TCFD",1.50 kg CO2e per kWh,,Submitted,[download]
GHG Intensity,Climate,WindFlow Energy,"GHG Protocol, SFDR, PAIs, IRIS+, TCFD",0.62 kg CO2e per kWh,,Submitted,[download]
GHG Intensity,Climate,GreenGrid Systems,"GHG Protocol, SFDR, PAIs, IRIS+, TCFD",1.80 kg CO2e per kWh,,Submitted,[download]
GHG Intensity,Climate,BioFuel Dynamics,"GHG Protocol, SFDR, PAIs, IRIS+, TCFD",0.88 kg CO2e per kWh,,Submitted,[download]
GHG Intensity,Climate,ClimateTech Labs,"GHG Protocol, SFDR, PAIs, IRIS+, TCFD",1.10 kg CO2e per kWh,,Submitted,[download]
GHG Intensity,Climate,OceanWave Energy,"GHG Protocol, SFDR, PAIs, IRIS+, TCFD",1.35 kg CO2e per kWh,,Submitted,[download]
GHG Intensity,Climate,RenewaTech Solutions,"GHG Protocol, SFDR, PAIs, IRIS+, TCFD",0.72 kg CO2e per kWh,,Submitted,[download]
Fossil fuel sector exposure,Multiple,[dropdown],"GHG Protocol, SFDR, PAIs, IRIS+, TCFD",Boolean,,100%,[download]
Fossil fuel sector exposure,Multiple,CarbonZero Tech,"GHG Protocol, SFDR, PAIs, IRIS+, TCFD",None,,Submitted,[download]
Fossil fuel sector exposure,Multiple,SolarScape Solutions,"GHG Protocol, SFDR, PAIs, IRIS+, TCFD",None,,Submitted,[download]
Fossil fuel sector exposure,Multiple,EcoPower Innovations,"GHG Protocol, SFDR, PAIs, IRIS+, TCFD",None,,Submitted,[download]
Fossil fuel sector exposure,Multiple,ClimateGuard Technologies,"GHG Protocol, SFDR, PAIs, IRIS+, TCFD",None,,Submitted,[download]
Fossil fuel sector exposure,Multiple,WindFlow Energy,"GHG Protocol, SFDR, PAIs, IRIS+, TCFD",Negligible ,,Submitted,[download]
Fossil fuel sector exposure,Multiple,GreenGrid Systems,"GHG Protocol, SFDR, PAIs, IRIS+, TCFD",None,,Submitted,[download]
Fossil fuel sector exposure,Multiple,BioFuel Dynamics,"GHG Protocol, SFDR, PAIs, IRIS+, TCFD",None,,Submitted,[download]
Fossil fuel sector exposure,Multiple,ClimateTech Labs,"GHG Protocol, SFDR, PAIs, IRIS+, TCFD",None,,Submitted,[download]
Fossil fuel sector exposure,Multiple,OceanWave Energy,"GHG Protocol, SFDR, PAIs, IRIS+, TCFD",None,,Submitted,[download]
Fossil fuel sector exposure,Multiple,RenewaTech Solutions,"GHG Protocol, SFDR, PAIs, IRIS+, TCFD",Negligible ,,Submitted,[download]
Non-renewable energy consumption,Multiple,[dropdown],"GHG Protocol, SFDR, PAIs, IRIS+, TCFD",KWh,,100%,[download]
Non-renewable energy consumption,Multiple,CarbonZero Tech,"GHG Protocol, SFDR, PAIs, IRIS+, TCFD",1250 KWh,150 KWh,Submitted,[download]
Non-renewable energy consumption,Multiple,SolarScape Solutions,"GHG Protocol, SFDR, PAIs, IRIS+, TCFD",890 KWh,106.8 KWh,Submitted,[download]
Non-renewable energy consumption,Multiple,EcoPower Innovations,"GHG Protocol, SFDR, PAIs, IRIS+, TCFD",1680 KWh,201.6 KWh,Submitted,[download]
Non-renewable energy consumption,Multiple,ClimateGuard Technologies,"GHG Protocol, SFDR, PAIs, IRIS+, TCFD",2075 KWh,249 KWh,Submitted,[download]
Non-renewable energy consumption,Multiple,WindFlow Energy,"GHG Protocol, SFDR, PAIs, IRIS+, TCFD",1423 KWh,170.76 KWh,Submitted,[download]
Non-renewable energy consumption,Multiple,GreenGrid Systems,"GHG Protocol, SFDR, PAIs, IRIS+, TCFD",980 KWh,117.6 KWh,Submitted,[download]
Non-renewable energy consumption,Multiple,BioFuel Dynamics,"GHG Protocol, SFDR, PAIs, IRIS+, TCFD",1785 KWh,214.2 KWh,Submitted,[download]
Non-renewable energy consumption,Multiple,ClimateTech Labs,"GHG Protocol, SFDR, PAIs, IRIS+, TCFD",1100 KWh,132 KWh,Submitted,[download]
Non-renewable energy consumption,Multiple,OceanWave Energy,"GHG Protocol, SFDR, PAIs, IRIS+, TCFD",1567 KWh,188.04 KWh,Submitted,[download]
Non-renewable energy consumption,Multiple,RenewaTech Solutions,"GHG Protocol, SFDR, PAIs, IRIS+, TCFD",1345 KWh,161.4 KWh,Submitted,[download]
Non-renewable energy production,Multiple,[dropdown],"GHG Protocol, SFDR, PAIs, IRIS+, TCFD",KWh,,100%,[download]
Non-renewable energy production,Multiple,CarbonZero Tech,"GHG Protocol, SFDR, PAIs, IRIS+, TCFD",0 KWh,0 KWh,Submitted,[download]
Non-renewable energy production,Multiple,SolarScape Solutions,"GHG Protocol, SFDR, PAIs, IRIS+, TCFD",0 KWh,0 KWh,Submitted,[download]
Non-renewable energy production,Multiple,EcoPower Innovations,"GHG Protocol, SFDR, PAIs, IRIS+, TCFD",0 KWh,0 KWh,Submitted,[download]
Non-renewable energy production,Multiple,ClimateGuard Technologies,"GHG Protocol, SFDR, PAIs, IRIS+, TCFD",1680 KWh,201.6 KWh,Submitted,[download]
Non-renewable energy production,Multiple,WindFlow Energy,"GHG Protocol, SFDR, PAIs, IRIS+, TCFD",2075 KWh,249 KWh,Submitted,[download]
Non-renewable energy production,Multiple,GreenGrid Systems,"GHG Protocol, SFDR, PAIs, IRIS+, TCFD",1423 KWh,170.76 KWh,Submitted,[download]
Non-renewable energy production,Multiple,BioFuel Dynamics,"GHG Protocol, SFDR, PAIs, IRIS+, TCFD",980 KWh,117.6 KWh,Submitted,[download]
Non-renewable energy production,Multiple,ClimateTech Labs,"GHG Protocol, SFDR, PAIs, IRIS+, TCFD",1785 KWh,214.2 KWh,Submitted,[download]
Non-renewable energy production,Multiple,OceanWave Energy,"GHG Protocol, SFDR, PAIs, IRIS+, TCFD",0 KWh,0 KWh,Submitted,[download]
Non-renewable energy production,Multiple,RenewaTech Solutions,"GHG Protocol, SFDR, PAIs, IRIS+, TCFD",0 KWh,0 KWh,Submitted,[download]
Impact on high biodiversity areas,Biodiversity & Ecosystems,[dropdown],"GHG Protocol, SFDR, PAIs, IRIS+, TCFD",Qualitative,,100%,[download]
Impact on high biodiversity areas,Biodiversity & Ecosystems,CarbonZero Tech,"GHG Protocol, SFDR, PAIs, IRIS+, TCFD",None,,Submitted,[download]
Impact on high biodiversity areas,Biodiversity & Ecosystems,SolarScape Solutions,"GHG Protocol, SFDR, PAIs, IRIS+, TCFD",None,,Submitted,[download]
Impact on high biodiversity areas,Biodiversity & Ecosystems,EcoPower Innovations,"GHG Protocol, SFDR, PAIs, IRIS+, TCFD",None,,Submitted,[download]
Impact on high biodiversity areas,Biodiversity & Ecosystems,ClimateGuard Technologies,"GHG Protocol, SFDR, PAIs, IRIS+, TCFD",None,,Submitted,[download]
Impact on high biodiversity areas,Biodiversity & Ecosystems,WindFlow Energy,"GHG Protocol, SFDR, PAIs, IRIS+, TCFD",None,,Submitted,[download]
Impact on high biodiversity areas,Biodiversity & Ecosystems,GreenGrid Systems,"GHG Protocol, SFDR, PAIs, IRIS+, TCFD",None,,Submitted,[download]
Impact on high biodiversity areas,Biodiversity & Ecosystems,BioFuel Dynamics,"GHG Protocol, SFDR, PAIs, IRIS+, TCFD",None,,Submitted,[download]
Impact on high biodiversity areas,Biodiversity & Ecosystems,ClimateTech Labs,"GHG Protocol, SFDR, PAIs, IRIS+, TCFD",None,,Submitted,[download]
Impact on high biodiversity areas,Biodiversity & Ecosystems,OceanWave Energy,"GHG Protocol, SFDR, PAIs, IRIS+, TCFD",None,,Submitted,[download]
Impact on high biodiversity areas,Biodiversity & Ecosystems,RenewaTech Solutions,"GHG Protocol, SFDR, PAIs, IRIS+, TCFD",None,,Submitted,[download]
Emissions to water,"Water, Pollution",[dropdown],"GHG Protocol, SFDR, PAIs, IRIS+, TCFD",Tonnes,,100%,[download]
Emissions to water,"Water, Pollution",CarbonZero Tech,"GHG Protocol, SFDR, PAIs, IRIS+, TCFD",0 Tonnes,0 Tonnes,Submitted,[download]
Emissions to water,"Water, Pollution",SolarScape Solutions,"GHG Protocol, SFDR, PAIs, IRIS+, TCFD",0 Tonnes,0 Tonnes,Submitted,[download]
Emissions to water,"Water, Pollution",EcoPower Innovations,"GHG Protocol, SFDR, PAIs, IRIS+, TCFD",0 Tonnes,0 Tonnes,Submitted,[download]
Emissions to water,"Water, Pollution",ClimateGuard Technologies,"GHG Protocol, SFDR, PAIs, IRIS+, TCFD",0 Tonnes,0 Tonnes,Submitted,[download]
Emissions to water,"Water, Pollution",WindFlow Energy,"GHG Protocol, SFDR, PAIs, IRIS+, TCFD",0 Tonnes,0 Tonnes,Submitted,[download]
Emissions to water,"Water, Pollution",GreenGrid Systems,"GHG Protocol, SFDR, PAIs, IRIS+, TCFD",0 Tonnes,0 Tonnes,Submitted,[download]
Emissions to water,"Water, Pollution",BioFuel Dynamics,"GHG Protocol, SFDR, PAIs, IRIS+, TCFD",0 Tonnes,0 Tonnes,Submitted,[download]
Emissions to water,"Water, Pollution",ClimateTech Labs,"GHG Protocol, SFDR, PAIs, IRIS+, TCFD",0 Tonnes,0 Tonnes,Submitted,[download]
Emissions to water,"Water, Pollution",OceanWave Energy,"GHG Protocol, SFDR, PAIs, IRIS+, TCFD",0 Tonnes,0 Tonnes,Submitted,[download]
Emissions to water,"Water, Pollution",RenewaTech Solutions,"GHG Protocol, SFDR, PAIs, IRIS+, TCFD",0 Tonnes,0 Tonnes,Submitted,[download]
Hazardous waste ratio,"Waste, Pollution",[dropdown],"GHG Protocol, SFDR, PAIs, IRIS+, TCFD",Tonnes,,100%,[download]
Hazardous waste ratio,"Waste, Pollution",CarbonZero Tech,"GHG Protocol, SFDR, PAIs, IRIS+, TCFD",34.5 tonnes,0.88 tonnes,Submitted,[download]
Hazardous waste ratio,"Waste, Pollution",SolarScape Solutions,"GHG Protocol, SFDR, PAIs, IRIS+, TCFD",22.8 tonnes,0.365 tonnes,Submitted,[download]
Hazardous waste ratio,"Waste, Pollution",EcoPower Innovations,"GHG Protocol, SFDR, PAIs, IRIS+, TCFD",45.6 tonnes,1.46 tonnes,Submitted,[download]
Hazardous waste ratio,"Waste, Pollution",ClimateGuard Technologies,"GHG Protocol, SFDR, PAIs, IRIS+, TCFD",18.7 tonnes,0.992 tonnes,Submitted,[download]
Hazardous waste ratio,"Waste, Pollution",WindFlow Energy,"GHG Protocol, SFDR, PAIs, IRIS+, TCFD",39.2 tonnes,1.984 tonnes,Submitted,[download]
Hazardous waste ratio,"Waste, Pollution",GreenGrid Systems,"GHG Protocol, SFDR, PAIs, IRIS+, TCFD",28.1 tonnes,1.416 tonnes,Submitted,[download]
Hazardous waste ratio,"Waste, Pollution",BioFuel Dynamics,"GHG Protocol, SFDR, PAIs, IRIS+, TCFD",52.3 tonnes,2.728 tonnes,Submitted,[download]
Hazardous waste ratio,"Waste, Pollution",ClimateTech Labs,"GHG Protocol, SFDR, PAIs, IRIS+, TCFD",14.6 tonnes,0.368 tonnes,Submitted,[download]
Hazardous waste ratio,"Waste, Pollution",OceanWave Energy,"GHG Protocol, SFDR, PAIs, IRIS+, TCFD",41.9 tonnes,2.672 tonnes,Submitted,[download]
Hazardous waste ratio,"Waste, Pollution",RenewaTech Solutions,"GHG Protocol, SFDR, PAIs, IRIS+, TCFD",31.0 tonnes,1.86 tonnes,Submitted,[download]
Gender pay gap,"Diversity & Inclusion, Employment",[dropdown],"PAIs, SFDR, IRIS+",%,,100%,[download]
Gender pay gap,"Diversity & Inclusion, Employment",CarbonZero Tech,"PAIs, SFDR, IRIS+",12%,,Submitted,[download]
Gender pay gap,"Diversity & Inclusion, Employment",SolarScape Solutions,"PAIs, SFDR, IRIS+",17%,,Submitted,[download]
Gender pay gap,"Diversity & Inclusion, Employment",EcoPower Innovations,"PAIs, SFDR, IRIS+",21%,,Submitted,[download]
Gender pay gap,"Diversity & Inclusion, Employment",ClimateGuard Technologies,"PAIs, SFDR, IRIS+",8%,,Submitted,[download]
Gender pay gap,"Diversity & Inclusion, Employment",WindFlow Energy,"PAIs, SFDR, IRIS+",25%,,Submitted,[download]
Gender pay gap,"Diversity & Inclusion, Employment",GreenGrid Systems,"PAIs, SFDR, IRIS+",14%,,Submitted,[download]
Gender pay gap,"Diversity & Inclusion, Employment",BioFuel Dynamics,"PAIs, SFDR, IRIS+",19%,,Submitted,[download]
Gender pay gap,"Diversity & Inclusion, Employment",ClimateTech Labs,"PAIs, SFDR, IRIS+",10%,,Submitted,[download]
Gender pay gap,"Diversity & Inclusion, Employment",OceanWave Energy,"PAIs, SFDR, IRIS+",28%,,Submitted,[download]
Gender pay gap,"Diversity & Inclusion, Employment",RenewaTech Solutions,"PAIs, SFDR, IRIS+",16%,,Submitted,[download]
Board gender diversity,Diversity & Inclusion,[dropdown],"PAIs, SFDR",%,,100%,[download]
Board gender diversity,Diversity & Inclusion,CarbonZero Tech,"PAIs, SFDR",15%,,Submitted,[download]
Board gender diversity,Diversity & Inclusion,SolarScape Solutions,"PAIs, SFDR",12%,,Submitted,[download]
Board gender diversity,Diversity & Inclusion,EcoPower Innovations,"PAIs, SFDR",18%,,Submitted,[download]
Board gender diversity,Diversity & Inclusion,ClimateGuard Technologies,"PAIs, SFDR",22%,,Submitted,[download]
Board gender diversity,Diversity & Inclusion,WindFlow Energy,"PAIs, SFDR",9%,,Submitted,[download]
Board gender diversity,Diversity & Inclusion,GreenGrid Systems,"PAIs, SFDR",14%,,Submitted,[download]
Board gender diversity,Diversity & Inclusion,BioFuel Dynamics,"PAIs, SFDR",12%,,Submitted,[download]
Board gender diversity,Diversity & Inclusion,ClimateTech Labs,"PAIs, SFDR",17%,,Submitted,[download]
Board gender diversity,Diversity & Inclusion,OceanWave Energy,"PAIs, SFDR",16%,,Submitted,[download]
Board gender diversity,Diversity & Inclusion,RenewaTech Solutions,"PAIs, SFDR",13%,,Submitted,[download]
Exposure to controversial weapons,Health,[dropdown],"PAIs, SFDR",Boolean,,100%,[download]
Exposure to controversial weapons,Health,CarbonZero Tech,"PAIs, SFDR",None,,Submitted,[download]
Exposure to controversial weapons,Health,SolarScape Solutions,"PAIs, SFDR",None,,Submitted,[download]
Exposure to controversial weapons,Health,EcoPower Innovations,"PAIs, SFDR",None,,Submitted,[download]
Exposure to controversial weapons,Health,ClimateGuard Technologies,"PAIs, SFDR",None,,Submitted,[download]
Exposure to controversial weapons,Health,WindFlow Energy,"PAIs, SFDR",None,,Submitted,[download]
Exposure to controversial weapons,Health,GreenGrid Systems,"PAIs, SFDR",None,,Submitted,[download]
Exposure to controversial weapons,Health,BioFuel Dynamics,"PAIs, SFDR",None,,Submitted,[download]
Exposure to controversial weapons,Health,ClimateTech Labs,"PAIs, SFDR",None,,Submitted,[download]
Exposure to controversial weapons,Health,OceanWave Energy,"PAIs, SFDR",None,,Submitted,[download]
Exposure to controversial weapons,Health,RenewaTech Solutions,"PAIs, SFDR",None,,Submitted,[download]
